experiment_name,dataset,feature_set,eval_split,gate_strength,mae,rmse,nmad,nmad_se,r2,bias,n,catastrophic_outlier_fraction,negative_redshift_predictions,selected
linear_regression_gate_err_manual_strength0.1,teddyT,gate_err_manual,val,0.1,0.027212379379077476,0.03912660242499064,0.02197524526997628,0.000199185248878376,0.8034219717921489,-0.00034781402380822514,14862,0.0016148566814695195,0,True
linear_regression_gate_err_manual_strength0.5,teddyT,gate_err_manual,val,0.5,0.030413810540389694,0.0424764723130823,0.02566620068059146,0.0002606893917934483,0.7683205133367211,-9.08864507888315e-05,14862,0.0016821423765307495,0,False
linear_regression_gate_err_manual_strength1,teddyT,gate_err_manual,val,1.0,0.034337189375465586,0.04662562193105259,0.029800837352081364,0.0002884609463626478,0.720848493851696,1.950276645547335e-05,14862,0.0022204279370205892,0,False
linear_regression_gate_err_manual_strength5,teddyT,gate_err_manual,val,5.0,0.04423681300818902,0.05783132940679131,0.03891914598605214,0.00038523494395928734,0.5705456052285164,8.118588398936832e-05,14862,0.003902570313551339,0,False
