experiment_name,dataset,feature_set,eval_split,gate_strength,mae,rmse,nmad,nmad_se,r2,bias,n,catastrophic_outlier_fraction,negative_redshift_predictions,selected
linear_regression_gate_err_manual_strength0.1,happyT,gate_err_manual,val,0.1,0.04714505156639118,0.06981280105231069,0.03642964034898874,0.00036652539698327853,0.8890100276087646,-0.0006084130029048949,14990,0.018412274849899934,372,True
linear_regression_gate_err_manual_strength0.5,happyT,gate_err_manual,val,0.5,0.05110866691172732,0.074177031725782,0.039478029338280374,0.0003983991493980993,0.8746995825204287,-0.0005116898781732703,14990,0.022881921280853902,480,False
linear_regression_gate_err_manual_strength1,happyT,gate_err_manual,val,1.0,0.060292668274704794,0.0842283190283492,0.04829167210363667,0.0005558738266263925,0.8384414734379575,-0.00022730515243748694,14990,0.029286190793862577,558,False
linear_regression_gate_err_manual_strength5,happyT,gate_err_manual,val,5.0,0.07567460151976123,0.10066463645294264,0.06692581551282856,0.0006522129322627036,0.7692363095588443,-0.00016819515579879503,14990,0.03962641761174116,501,False
